peptide_name,variant_mg,price,kit_summary,url
Tirzepatide,10mg,$185,10mg - 10 vials,https://kaoslabs.eu/products/tirzepatide
Tirzepatide,15mg,$215,15mg - 10 vials,https://kaoslabs.eu/products/tirzepatide
Tirzepatide,20mg,$255,20mg - 10 vials,https://kaoslabs.eu/products/tirzepatide
Tirzepatide,30mg,$300,30mg - 10 vials,https://kaoslabs.eu/products/tirzepatide
Tirzepatide,40mg,$329,40mg - 10 vials,https://kaoslabs.eu/products/tirzepatide
Tirzepatide,60mg,$380,60mg - 10 vials,https://kaoslabs.eu/products/tirzepatide
Tirzepatide,70mg,$415,70mg - 10 vials,https://kaoslabs.eu/products/tirzepatide
Tirzepatide,120mg,$525,120mg - 10 vials,https://kaoslabs.eu/products/tirzepatide
Thymosin Alpha-1,5mg,$230,5mg - 10 vials,https://kaoslabs.eu/products/thymosin-alpha-1
Tesamorelin,5mg,$230,5mg - 10 vials,https://kaoslabs.eu/products/tesamorelin
Tesamorelin,10mg,$290,10mg - 10 vials,https://kaoslabs.eu/products/tesamorelin
TB500,10mg,$255,10mg - 10 vials,https://kaoslabs.eu/products/tb500
SS-31,10mg,$210,10mg - 10 vials,https://kaoslabs.eu/products/ss-31
SS-31,50mg,$415,50mg - 10 vials,https://kaoslabs.eu/products/ss-31
SNAP-8,10mg,$185,10mg - 10 vials,https://kaoslabs.eu/products/snap-8
SLU-PP-332,5mg,$220,5mg - 10 vials,https://kaoslabs.eu/products/slu-pp-332
Sermorelin,5mg,$210,5mg - 10 vials,https://kaoslabs.eu/products/sermorelin
Sermorelin,10mg,$280,10mg - 10 vials,https://kaoslabs.eu/products/sermorelin
Semax,10mg,$180,10mg - 10 vials,https://kaoslabs.eu/products/semax
Semaglutide,10mg,$160,10mg - 10 vials,https://kaoslabs.eu/products/semaglutide
Semaglutide,15mg,$185,15mg - 10 vials,https://kaoslabs.eu/products/semaglutide
Semaglutide,20mg,$210,20mg - 10 vials,https://kaoslabs.eu/products/semaglutide
Semaglutide,30mg,$240,30mg - 10 vials,https://kaoslabs.eu/products/semaglutide
Selank,10mg,$210,10mg - 10 vials,https://kaoslabs.eu/products/selank
Retatrutide,5mg,$190,5mg - 10 vials,https://kaoslabs.eu/products/retatrutide
Retatrutide,10mg,$215,10mg - 10 vials,https://kaoslabs.eu/products/retatrutide
Retatrutide,20mg,$295,20mg - 10 vials,https://kaoslabs.eu/products/retatrutide
Retatrutide,30mg,$315,30mg - 10 vials,https://kaoslabs.eu/products/retatrutide
Retatrutide,50mg,$475,50mg - 10 vials,https://kaoslabs.eu/products/retatrutide
Retatrutide,60mg,$555,60mg - 10 vials,https://kaoslabs.eu/products/retatrutide
Retatrutide,100mg,$995,100mg - 10 vials,https://kaoslabs.eu/products/retatrutide
PT-141,10mg,$190,10mg - 10 vials,https://kaoslabs.eu/products/pt-141
NAD+ (Nicotinamide Adenine Dinucleotide),500mg,$185,500mg - 10 vials,https://kaoslabs.eu/products/nad-nicotinamide-adenine-dinucleotide
MOTS-C,10mg,$210,10mg - 10 vials,https://kaoslabs.eu/products/mots-c
MOTS-C,40mg,$330,40mg - 10 vials,https://kaoslabs.eu/products/mots-c
Melanotan II,10mg,$230,10mg - 10 vials,https://kaoslabs.eu/products/melanotan-ii
Melanotan I,10mg,$200,10mg - 10 vials,https://kaoslabs.eu/products/melanotan-i
Mazdutide,10mg,$295,10mg - 10 vials,https://kaoslabs.eu/products/mazdutide
Lemon Bottle,10ml,$200,10ml - 10 vials,https://kaoslabs.eu/products/lemon-bottle
KPV,10mg,$205,10mg - 10 vials,https://kaoslabs.eu/products/kpv
Klow,80mg,$310,80mg - 10 vials,https://kaoslabs.eu/products/klow
Ipamorelin,10mg,$190,10mg - 10 vials,https://kaoslabs.eu/products/ipamorelin
IGF-1 LR3,1mg,$315,1mg - 10 vials,https://kaoslabs.eu/products/igf-1-lr3
Glow,50mg,$295,50mg - 10 vials,https://kaoslabs.eu/products/glow
Glow,70mg,$330,70mg - 10 vials,https://kaoslabs.eu/products/glow
GHK-Cu (Copper Peptide),50mg,$185,50mg - 10 vials,https://kaoslabs.eu/products/ghk-cu-copper-peptide
GHK-Cu (Copper Peptide),100mg,$225,100mg - 10 vials,https://kaoslabs.eu/products/ghk-cu-copper-peptide
Epitalon,10mg,$210,10mg - 10 vials,https://kaoslabs.eu/products/epitalon
DSIP (Delta Sleep-Inducing Peptide),5mg,$165,5mg - 10 vials,https://kaoslabs.eu/products/dsip-delta-sleep-inducing-peptide
DSIP (Delta Sleep-Inducing Peptide),10mg,$235,10mg - 10 vials,https://kaoslabs.eu/products/dsip-delta-sleep-inducing-peptide
CJC-1295 (Without DAC) + Ipamorelin,10mg,$255,10mg - 10 vials,https://kaoslabs.eu/products/cjc-1295-without-dac-ipamorelin
CJC-1295 (Without DAC),5mg,$295,5mg - 10 vials,https://kaoslabs.eu/products/cjc-1295-without-dac
CJC-1295 (Without DAC),10mg,$320,10mg - 10 vials,https://kaoslabs.eu/products/cjc-1295-without-dac
Cagrilintide,5mg,$205,5mg - 10 vials,https://kaoslabs.eu/products/cagrilintide
Cagrilintide,10mg,$285,10mg - 10 vials,https://kaoslabs.eu/products/cagrilintide
BPC157 + TB500,10mg,$225,10mg - 10 vials,https://kaoslabs.eu/products/bpc157-tb500
BPC157 + TB500,20mg,$325,20mg - 10 vials,https://kaoslabs.eu/products/bpc157-tb500
BPC157,10mg,$185,10mg - 10 vials,https://kaoslabs.eu/products/bpc157
BAC Water (Bacteriostatic Water),3ml,$125,3ml - 10 vials,https://kaoslabs.eu/products/bac-water-bacteriostatic-water
BAC Water (Bacteriostatic Water),10ml,$150,10ml - 10 vials,https://kaoslabs.eu/products/bac-water-bacteriostatic-water
ARA (Arachidonic Acid),10mg,$170,10mg - 10 vials,https://kaoslabs.eu/products/ara-arachidonic-acid
5 amino 1MQ,10mg,$170,10mg - 10 vials,https://kaoslabs.eu/products/5-amino-1mq
